<?xml version="1.0" encoding="utf-8"?>
<!--/13007955/1789861/2.50/12/2/Power Supply/-->
<quadcept_library>
  <setting unit="mil" />
  <textstyle name="Default" height="47.244094488189" strokewidth="7.8740157480315" charwidth="47.244094488189" />
  <textstyle name="Dimension" height="19.6850393700787" strokewidth="0" charwidth="19.6850393700787" />
  <textstyle name="H127W0635TH00762" height="50" strokewidth="3" charwidth="25" />
  <textstyle name="H15W15TH02" height="59.0551181102362" strokewidth="7.8740157480315" charwidth="59.0551181102362" />
  <padstyle name="r114.5_114.5" surface="True" plated="False" isvia="False" nopaste="False" nomask="True" complex="False" holesize="0">
    <padshape layer="TOP" shape="rectangle" width="45.07874015748" height="45.07874015748" />
    <padshape layer="TOP_SOLDER_MASK" shape="rectangle" width="52.952755905511" height="52.952755905511" />
    <padshape layer="TOP_SOLDER_PASTE" shape="rectangle" width="45.07874015748" height="45.07874015748" />
  </padstyle>
  <padstyle name="r419_190.5" surface="True" plated="False" isvia="False" nopaste="False" nomask="True" complex="False" holesize="0">
    <padshape layer="TOP" shape="rectangle" width="74.999999999999" height="164.96062992126" />
    <padshape layer="TOP_SOLDER_MASK" shape="rectangle" width="82.87401574803" height="172.83464566929" />
    <padshape layer="TOP_SOLDER_PASTE" shape="rectangle" width="74.999999999999" height="164.96062992126" />
  </padstyle>
  <footprint name="OKLT6W12NC" originx="0" originy="0" pickpointx="0" pickpointy="0">
    <pcbpin number="1" name="1" style="r114.5_114.5" originx="-179.92125984252" originy="0" rotation="0" />
    <pcbpin number="2" name="2" style="r419_190.5" originx="-135.03937007874" originy="179.92125984252" rotation="90" />
    <pcbpin number="3" name="3" style="r419_190.5" originx="44.881889763779" originy="179.92125984252" rotation="90" />
    <pcbpin number="4" name="4" style="r419_190.5" originx="179.92125984252" originy="135.03937007874" rotation="0" />
    <pcbpin number="5" name="5" style="r114.5_114.5" originx="179.92125984252" originy="0" rotation="0" />
    <pcbpin number="6" name="6" style="r114.5_114.5" originx="179.92125984252" originy="-179.92125984252" rotation="0" />
    <pcbpin number="7" name="7" style="r114.5_114.5" originx="0" originy="-179.92125984252" rotation="0" />
    <pcbpin number="8" name="8" style="r114.5_114.5" originx="-90.15748031496" originy="-179.92125984252" rotation="0" />
    <pcbpin number="9" name="9" style="r114.5_114.5" originx="-179.92125984252" originy="-179.92125984252" rotation="0" />
    <pcbpin number="10" name="10" style="r114.5_114.5" originx="-179.92125984252" originy="-90.15748031496" rotation="0" />
    <pcbpin number="11" name="11" style="r114.5_114.5" originx="179.92125984252" originy="-90.15748031496" rotation="0" />
    <pcbpin number="12" name="12" style="r114.5_114.5" originx="90.15748031496" originy="-179.92125984252" rotation="0" />
    <line layer="TOP_ASSEMBLY" originx="-239.96062992126" originy="239.96062992126" endx="239.96062992126" endy="239.96062992126" width="3.9370078740157" />
    <line layer="TOP_ASSEMBLY" originx="239.96062992126" originy="239.96062992126" endx="239.96062992126" endy="-239.96062992126" width="3.9370078740157" />
    <line layer="TOP_ASSEMBLY" originx="239.96062992126" originy="-239.96062992126" endx="-239.96062992126" endy="-239.96062992126" width="3.9370078740157" />
    <line layer="TOP_ASSEMBLY" originx="-239.96062992126" originy="-239.96062992126" endx="-239.96062992126" endy="239.96062992126" width="3.9370078740157" />
    <line layer="TOP_PLACE_BOUND" originx="-279.33070866141" originy="279.33070866141" endx="279.33070866141" endy="279.33070866141" width="3.9370078740157" />
    <line layer="TOP_PLACE_BOUND" originx="279.33070866141" originy="279.33070866141" endx="279.33070866141" endy="-279.33070866141" width="3.9370078740157" />
    <line layer="TOP_PLACE_BOUND" originx="279.33070866141" originy="-279.33070866141" endx="-279.33070866141" endy="-279.33070866141" width="3.9370078740157" />
    <line layer="TOP_PLACE_BOUND" originx="-279.33070866141" originy="-279.33070866141" endx="-279.33070866141" endy="279.33070866141" width="3.9370078740157" />
    <line layer="TOP_SILKSCREEN" originx="-239.96062992126" originy="239.96062992126" endx="239.96062992126" endy="239.96062992126" width="7.8740157480314" />
    <line layer="TOP_SILKSCREEN" originx="239.96062992126" originy="239.96062992126" endx="239.96062992126" endy="-239.96062992126" width="7.8740157480314" />
    <line layer="TOP_SILKSCREEN" originx="239.96062992126" originy="-239.96062992126" endx="-239.96062992126" endy="-239.96062992126" width="7.8740157480314" />
    <line layer="TOP_SILKSCREEN" originx="-239.96062992126" originy="-239.96062992126" endx="-239.96062992126" endy="239.96062992126" width="7.8740157480314" />
    <line layer="TOP_SILKSCREEN" originx="-259.84251968504" originy="0" endx="-259.84251968504" endy="0" width="3.9370078740157" />
    <arc layer="TOP_SILKSCREEN" originx="-261.81102362204" originy="0" startangle=".0" sweepangle="180.0" radius="1.9685039370079" width="3.9370078740157" />
    <line layer="TOP_SILKSCREEN" originx="-263.77952755905" originy="0" endx="-263.77952755905" endy="0" width="3.9370078740157" />
    <arc layer="TOP_SILKSCREEN" originx="-261.81102362204" originy="0" startangle="-180.0" sweepangle="180.0" radius="1.9685039370079" width="3.9370078740157" />
  </footprint>
  <symbol name="OKL-T_6-W12N-C" originx="0" originy="0">
    <line originx="200" originy="100" endx="2000" endy="100" width="0" />
    <line originx="2000" originy="-600" endx="2000" endy="100" width="0" />
    <line originx="2000" originy="-600" endx="200" endy="-600" width="0" />
    <line originx="200" originy="100" endx="200" endy="-600" width="0" />
    <sympin number="1" originx="200" originy="0" rotation="180" length="100" width="7.8740157480315" flipped="False">
      <text name="pinname" originx="230" originy="0" style="Default" rotation="0" justify="left" flipped="False" hidden="False" data="ON/OFF_CONTROL" />
      <text name="pindes" originx="140" originy="20" style="Default" rotation="0" justify="lowerright" flipped="False" hidden="False" data="1" />
    </sympin>
    <sympin number="2" originx="200" originy="-100" rotation="180" length="100" width="7.8740157480315" flipped="False">
      <text name="pinname" originx="230" originy="-100" style="Default" rotation="0" justify="left" flipped="False" hidden="False" data="VIN" />
      <text name="pindes" originx="140" originy="-80" style="Default" rotation="0" justify="lowerright" flipped="False" hidden="False" data="2" />
    </sympin>
    <sympin number="3" originx="200" originy="-200" rotation="180" length="100" width="7.8740157480315" flipped="False">
      <text name="pinname" originx="230" originy="-200" style="Default" rotation="0" justify="left" flipped="False" hidden="False" data="GROUND_1" />
      <text name="pindes" originx="140" originy="-180" style="Default" rotation="0" justify="lowerright" flipped="False" hidden="False" data="3" />
    </sympin>
    <sympin number="4" originx="200" originy="-300" rotation="180" length="100" width="7.8740157480315" flipped="False">
      <text name="pinname" originx="230" originy="-300" style="Default" rotation="0" justify="left" flipped="False" hidden="False" data="VOUT" />
      <text name="pindes" originx="140" originy="-280" style="Default" rotation="0" justify="lowerright" flipped="False" hidden="False" data="4" />
    </sympin>
    <sympin number="5" originx="200" originy="-400" rotation="180" length="100" width="7.8740157480315" flipped="False">
      <text name="pinname" originx="230" originy="-400" style="Default" rotation="0" justify="left" flipped="False" hidden="False" data="SENSE" />
      <text name="pindes" originx="140" originy="-380" style="Default" rotation="0" justify="lowerright" flipped="False" hidden="False" data="5" />
    </sympin>
    <sympin number="6" originx="200" originy="-500" rotation="180" length="100" width="7.8740157480315" flipped="False">
      <text name="pinname" originx="230" originy="-500" style="Default" rotation="0" justify="left" flipped="False" hidden="False" data="TRIM" />
      <text name="pindes" originx="140" originy="-480" style="Default" rotation="0" justify="lowerright" flipped="False" hidden="False" data="6" />
    </sympin>
    <sympin number="7" originx="2000" originy="0" rotation="0" length="100" width="7.8740157480315" flipped="False">
      <text name="pinname" originx="1970" originy="0" style="Default" rotation="0" justify="right" flipped="False" hidden="False" data="GROUND_2" />
      <text name="pindes" originx="2060" originy="20" style="Default" rotation="0" justify="lowerleft" flipped="False" hidden="False" data="7" />
    </sympin>
    <sympin number="8" originx="2000" originy="-100" rotation="0" length="100" width="7.8740157480315" flipped="False">
      <text name="pinname" originx="1970" originy="-100" style="Default" rotation="0" justify="right" flipped="False" hidden="False" data="NO_CONNECTION_1" />
      <text name="pindes" originx="2060" originy="-80" style="Default" rotation="0" justify="lowerleft" flipped="False" hidden="False" data="8" />
    </sympin>
    <sympin number="9" originx="2000" originy="-200" rotation="0" length="100" width="7.8740157480315" flipped="False">
      <text name="pinname" originx="1970" originy="-200" style="Default" rotation="0" justify="right" flipped="False" hidden="False" data="SEQUENCE" />
      <text name="pindes" originx="2060" originy="-180" style="Default" rotation="0" justify="lowerleft" flipped="False" hidden="False" data="9" />
    </sympin>
    <sympin number="10" originx="2000" originy="-300" rotation="0" length="100" width="7.8740157480315" flipped="False">
      <text name="pinname" originx="1970" originy="-300" style="Default" rotation="0" justify="right" flipped="False" hidden="False" data="POWER_GOOD_OUT" />
      <text name="pindes" originx="2060" originy="-280" style="Default" rotation="0" justify="lowerleft" flipped="False" hidden="False" data="10" />
    </sympin>
    <sympin number="11" originx="2000" originy="-400" rotation="0" length="100" width="7.8740157480315" flipped="False">
      <text name="pinname" originx="1970" originy="-400" style="Default" rotation="0" justify="right" flipped="False" hidden="False" data="NO_CONNECTION_2" />
      <text name="pindes" originx="2060" originy="-380" style="Default" rotation="0" justify="lowerleft" flipped="False" hidden="False" data="11" />
    </sympin>
    <sympin number="12" originx="2000" originy="-500" rotation="0" length="100" width="7.8740157480315" flipped="False">
      <text name="pinname" originx="1970" originy="-500" style="Default" rotation="0" justify="right" flipped="False" hidden="False" data="NO_CONNECTION_3" />
      <text name="pindes" originx="2060" originy="-480" style="Default" rotation="0" justify="lowerleft" flipped="False" hidden="False" data="12" />
    </sympin>
  </symbol>
  <component name="OKL-T_6-W12N-C" designatorprefix="PS" height="283.46456692913" footprint="OKLT6W12NC">
    <comppin designator="1" sympin="1" pinswap="0" gateswap="0" gate="1" group="1" side="" type="Any" name="ON/OFF_CONTROL" />
    <comppin designator="2" sympin="2" pinswap="0" gateswap="0" gate="1" group="1" side="" type="Any" name="VIN" />
    <comppin designator="3" sympin="3" pinswap="0" gateswap="0" gate="1" group="1" side="" type="Any" name="GROUND_1" />
    <comppin designator="4" sympin="4" pinswap="0" gateswap="0" gate="1" group="1" side="" type="Any" name="VOUT" />
    <comppin designator="5" sympin="5" pinswap="0" gateswap="0" gate="1" group="1" side="" type="Any" name="SENSE" />
    <comppin designator="6" sympin="6" pinswap="0" gateswap="0" gate="1" group="1" side="" type="Any" name="TRIM" />
    <comppin designator="7" sympin="7" pinswap="0" gateswap="0" gate="1" group="1" side="" type="Any" name="GROUND_2" />
    <comppin designator="8" sympin="8" pinswap="0" gateswap="0" gate="1" group="1" side="" type="Any" name="NO_CONNECTION_1" />
    <comppin designator="9" sympin="9" pinswap="0" gateswap="0" gate="1" group="1" side="" type="Any" name="SEQUENCE" />
    <comppin designator="10" sympin="10" pinswap="0" gateswap="0" gate="1" group="1" side="" type="Any" name="POWER_GOOD_OUT" />
    <comppin designator="11" sympin="11" pinswap="0" gateswap="0" gate="1" group="1" side="" type="Any" name="NO_CONNECTION_2" />
    <comppin designator="12" sympin="12" pinswap="0" gateswap="0" gate="1" group="1" side="" type="Any" name="NO_CONNECTION_3" />
    <attached_symbol gate="1" name="OKL-T_6-W12N-C" />
    <pinmap designator="1" footprintpin="1" />
    <pinmap designator="2" footprintpin="2" />
    <pinmap designator="3" footprintpin="3" />
    <pinmap designator="4" footprintpin="4" />
    <pinmap designator="5" footprintpin="5" />
    <pinmap designator="6" footprintpin="6" />
    <pinmap designator="7" footprintpin="7" />
    <pinmap designator="8" footprintpin="8" />
    <pinmap designator="9" footprintpin="9" />
    <pinmap designator="10" footprintpin="10" />
    <pinmap designator="11" footprintpin="11" />
    <pinmap designator="12" footprintpin="12" />
    <text name="Datasheet" originx="0" originy="0" style="Default" rotation="0" justify="" flipped="False" hidden="True" data="https://www.murata.com/products/productdata/8807038255134/okl-t6-w12.pdf?1583754815000" />
    <text name="Description" originx="0" originy="0" style="Default" rotation="0" justify="" flipped="False" hidden="True" data="Non-Isolated PoL Module DC DC Converter 1 Output 0.591 ~ 5.5V 6A 4.5V - 14V Input" />
    <text name="Mouser Part Number" originx="0" originy="0" style="Default" rotation="0" justify="" flipped="False" hidden="True" data="580-OKL-T/6-W12N-C" />
    <text name="Mouser Price/Stock" originx="0" originy="0" style="Default" rotation="0" justify="" flipped="False" hidden="True" data="https://www.mouser.co.uk/ProductDetail/Murata-Power-Solutions/OKL-T-6-W12N-C?qs=b1CvEdhOXIYZVD7gV2R3gw%3D%3D" />
    <text name="Manufacturer_Name" originx="0" originy="0" style="Default" rotation="0" justify="" flipped="False" hidden="True" data="Murata Electronics" />
    <text name="Manufacturer_Part_Number" originx="2050" originy="200" style="Default" rotation="0" justify="left" flipped="False" hidden="False" data="OKL-T/6-W12N-C" />
  </component>
</quadcept_library>
